T,ENC,IMU,Lag,ENC_RAW
3,0.00,0.10,4.1,275
6,0.00,0.10,4.1,275
10,0.00,0.10,4.8,275
13,0.00,0.10,2.8,275
17,0.00,0.10,4.6,275
20,0.00,0.10,5.4,275
24,0.00,0.10,6.1,275
27,0.00,0.10,4.9,275
31,0.00,0.10,3.6,275
35,0.00,0.10,4.8,275
38,0.00,0.10,3.2,275
42,0.00,0.10,4.4,275
45,0.00,0.10,5.2,275
48,0.00,0.10,3.8,275
53,0.00,0.10,5.3,275
56,0.00,0.10,3.8,275
60,0.00,0.10,5.3,275
63,0.00,0.10,5.7,275
67,0.00,0.10,4.5,275
71,0.00,0.10,3.4,275
74,0.00,0.10,4.8,275
78,0.00,0.10,3.0,275
82,0.00,0.10,2.3,275
85,0.00,0.10,3.3,275
126,0.00,0.10,41.7,275
130,0.00,0.10,7.5,275
139,0.00,0.10,11.0,275
142,0.00,0.10,2.8,275
147,0.00,0.10,4.8,275
150,0.00,0.10,3.2,275
154,0.00,0.10,4.4,275
157,0.00,0.10,3.0,275
161,0.00,0.10,4.1,275
164,0.00,0.10,5.0,275
168,0.00,0.10,3.0,275
172,0.00,0.10,4.6,275
175,0.00,0.10,2.6,275
179,0.00,0.10,4.4,275
182,0.00,0.10,3.9,275
185,0.00,0.09,3.5,275
189,0.00,0.09,4.4,275
192,0.00,0.09,5.3,275
196,0.00,0.09,4.8,275
199,0.00,0.09,5.0,275
203,0.00,0.09,3.4,275
207,0.00,0.09,5.2,275
210,0.00,0.09,3.8,275
217,0.00,0.09,7.2,275
221,0.00,0.09,4.1,275
225,0.00,0.09,3.2,275
229,0.00,0.09,4.4,275
232,0.00,0.09,3.0,275
236,0.00,0.09,3.7,275
239,0.00,0.09,5.0,275
243,0.00,0.09,5.0,275
246,0.00,0.09,4.4,275
249,0.00,0.09,5.2,275
254,0.00,0.09,4.5,275
258,0.00,0.09,3.4,275
261,0.00,0.09,4.6,275
265,0.00,0.09,5.7,275
268,0.00,0.09,4.1,275
272,0.00,0.09,5.3,275
275,0.00,0.09,3.2,275
279,0.00,0.09,4.8,275
283,0.00,0.09,4.4,275
286,0.00,0.09,4.4,275
290,0.00,0.09,5.5,275
294,0.00,0.09,4.5,275
297,0.00,0.09,3.2,275
301,0.00,0.09,4.6,275
304,0.00,0.09,2.8,275
308,0.00,0.09,4.2,275
312,0.00,0.09,5.0,275
315,0.00,0.09,3.4,275
319,0.00,0.09,4.6,275
322,0.00,0.09,3.2,275
326,0.00,0.09,4.2,275
329,0.00,0.09,5.3,275
333,0.00,0.09,3.6,275
336,0.00,0.09,4.8,275
340,0.00,0.09,5.7,275
343,0.00,0.09,4.1,275
347,0.00,0.09,5.2,275
350,0.00,0.09,3.8,275
355,0.00,0.09,5.5,275
358,0.00,0.09,4.1,275
362,0.00,0.09,5.0,275
365,0.00,0.09,3.8,275
369,0.00,0.09,5.3,275
373,0.00,0.09,3.8,275
376,0.00,0.09,4.8,275
380,0.00,0.09,5.7,275
383,0.00,0.09,4.3,275
389,0.00,0.09,7.3,275
393,0.00,0.09,4.1,275
397,0.00,0.09,2.8,275
401,0.00,0.09,4.6,275
404,0.00,0.09,3.0,275
408,0.00,0.09,3.5,275
411,0.00,0.09,5.2,275
415,0.00,0.09,3.6,275
419,0.00,0.09,5.3,275
423,0.00,0.09,3.9,275
427,0.00,0.09,3.9,275
430,0.00,0.09,3.7,275
434,0.00,0.09,4.8,275
437,0.00,0.09,3.0,275
441,0.00,0.09,4.4,275
444,0.00,0.09,2.9,275
448,0.00,0.09,4.1,275
451,0.00,0.09,5.0,275
455,0.00,0.09,3.4,275
458,0.00,0.09,4.6,275
462,0.00,0.09,3.0,275
466,0.00,0.09,3.5,275
469,0.00,0.09,5.2,275
472,0.00,0.09,3.8,275
477,0.00,0.09,6.1,275
480,0.00,0.09,3.9,275
484,0.00,0.09,5.5,275
488,0.00,0.09,4.1,275
492,0.00,0.09,5.5,275
496,0.00,0.09,4.6,275
500,0.00,0.09,4.3,275
503,0.00,0.09,4.6,275
507,0.00,0.09,5.3,275
510,0.00,0.09,3.8,275
514,0.00,0.09,5.2,275
517,0.00,0.09,3.1,275
521,0.00,0.09,4.8,275
524,0.00,0.09,3.4,275
528,0.00,0.09,4.4,275
531,0.00,0.09,2.8,275
535,0.00,0.09,4.1,275
538,0.00,0.09,5.0,275
542,0.00,0.09,3.2,275
546,0.00,0.09,3.7,275
549,0.00,0.09,5.3,275
552,0.00,0.09,3.2,275
559,0.00,0.09,8.0,275
562,0.00,0.09,3.7,275
567,0.00,0.09,3.0,275
570,0.00,0.09,4.4,275
574,0.00,0.09,5.2,275
577,0.00,0.09,3.8,275
581,0.00,0.09,4.8,275
584,0.00,0.09,5.7,275
588,0.00,0.09,4.1,275
591,0.00,0.09,5.5,275
595,0.00,0.09,3.8,275
599,0.00,0.09,5.3,275
602,0.00,0.09,3.9,275
605,0.00,0.09,4.7,275
609,0.00,0.09,3.4,275
613,0.00,0.09,3.9,275
616,0.00,0.09,5.3,275
620,0.00,0.09,4.1,275
624,0.00,0.09,5.2,275
627,0.00,0.09,3.6,275
631,0.00,0.09,5.2,275
634,0.00,0.09,3.6,275
639,0.00,0.09,5.3,275
642,0.00,0.09,5.9,275
645,0.00,0.09,4.5,275
649,0.00,0.09,3.4,275
653,0.00,0.09,3.9,275
656,0.00,0.09,3.0,275
660,0.00,0.09,3.5,275
676,0.00,0.09,18.2,275
679,0.00,0.09,3.2,275
685,0.00,0.09,4.1,275
689,0.00,0.09,5.9,275
692,0.00,0.09,4.3,275
696,0.00,0.09,5.5,275
700,0.00,0.09,6.4,275
703,0.00,0.09,5.7,275
706,0.00,0.09,3.2,275
711,0.00,0.09,5.6,275
714,0.00,0.09,3.2,275
718,0.00,0.09,5.0,275
722,0.00,0.09,5.9,275
725,0.00,0.09,4.3,275
729,0.00,0.09,3.0,275
733,0.00,0.09,4.4,275
736,0.00,0.09,2.8,275
740,0.00,0.09,3.7,275
784,0.00,0.09,46.0,275
788,0.00,0.09,11.7,275
797,0.00,0.09,10.8,275
801,0.00,0.09,3.9,275
804,0.00,0.09,3.5,275
807,0.00,0.09,4.4,275
811,0.00,0.09,5.2,275
814,0.00,0.09,3.8,275
818,0.00,0.09,4.8,275
821,0.00,0.09,4.8,275
825,0.00,0.09,4.7,275
829,0.00,0.09,3.3,275
833,0.00,0.09,5.2,275
837,0.00,0.09,3.8,275
840,0.00,0.09,3.9,275
844,0.00,0.09,3.4,275
848,0.00,0.09,5.6,275
851,0.00,0.09,3.0,275
855,0.00,0.09,3.7,275
858,0.00,0.09,5.2,275
861,0.00,0.09,4.6,275
865,0.00,0.09,4.4,275
868,0.00,0.09,5.4,275
873,0.00,0.09,5.7,275
876,0.00,0.09,3.4,275
880,0.00,0.09,4.8,275
883,0.00,0.09,5.5,275
887,0.00,0.09,4.1,275
891,0.00,0.09,5.2,275
894,0.00,0.09,3.2,275
898,0.00,0.09,4.8,275
901,0.00,0.09,3.3,275
905,0.00,0.09,4.6,275
908,0.00,0.09,3.0,275
912,0.00,0.09,4.4,275
915,0.00,0.09,5.2,275
919,0.00,0.09,3.6,275
922,0.00,0.09,4.8,275
926,0.00,0.09,3.2,275
930,0.00,0.09,4.4,275
933,0.00,0.09,5.5,275
936,0.00,0.09,3.8,275
940,0.00,0.09,5.0,275
943,0.00,0.09,3.2,275
947,0.00,0.09,4.6,275
951,0.00,0.09,3.2,275
957,0.00,0.09,7.2,275
961,0.00,0.09,6.4,275
964,0.00,0.09,4.3,275
968,0.00,0.09,5.7,275
972,0.00,0.09,4.3,275
975,0.00,0.09,5.3,275
979,0.00,0.09,3.9,275
983,0.00,0.09,5.0,275
986,0.00,0.09,3.6,275
990,0.00,0.09,4.6,275
993,0.00,0.09,3.2,275
997,0.00,0.09,4.2,275
1000,0.00,0.09,5.3,275
1004,0.00,0.09,3.8,275
1008,0.00,0.09,5.3,275
1011,0.00,0.09,3.9,275
1015,0.00,0.09,5.3,275
1019,0.00,0.09,3.9,275
1022,0.00,0.09,5.0,275
1026,0.00,0.09,3.4,275
1030,0.00,0.09,4.4,275
1033,0.00,0.09,3.2,275
1037,0.00,0.09,4.2,275
1040,0.00,0.09,5.3,275
1043,0.00,0.09,4.0,275
1048,0.00,0.09,5.5,275
1051,0.00,0.09,4.3,275
1055,0.00,0.09,5.3,275
1059,0.00,0.09,3.9,275
1062,0.00,0.09,5.0,275
1066,0.00,0.09,3.6,275
1070,0.00,0.09,4.6,275
1073,0.00,0.09,3.0,275
1077,0.00,0.09,4.4,275
1080,0.00,0.09,5.2,275
1083,0.00,0.09,3.0,275
1087,0.00,0.09,4.8,275
1090,0.00,0.09,3.4,275
1095,0.00,0.09,5.0,275
1098,0.00,0.09,3.6,275
1102,0.00,0.09,4.6,275
1105,0.00,0.09,3.2,275
1109,0.00,0.09,4.2,275
1112,0.00,0.09,2.8,275
1116,0.00,0.09,4.1,275
1122,0.00,0.09,7.0,275
1126,0.00,0.09,6.2,275
1130,0.00,0.09,5.6,275
1135,0.00,0.09,5.0,275
1139,0.00,0.09,4.1,275
1143,0.00,0.09,5.3,275
1146,0.00,0.09,4.1,275
1150,0.00,0.09,5.5,275
1153,0.00,0.09,3.7,275
1157,0.00,0.09,5.2,275
1161,0.00,0.09,3.6,275
1164,0.00,0.09,4.8,275
1168,0.00,0.09,3.4,275
1172,0.00,0.09,4.4,275
1175,0.00,0.09,3.0,275
1179,0.00,0.09,4.2,275
1182,0.00,0.09,5.0,275
1185,0.00,0.09,3.3,275
1190,0.00,0.09,5.3,275
1193,0.00,0.09,3.8,275
1197,0.00,0.09,4.8,275
1200,0.00,0.09,3.2,275
1204,0.00,0.09,4.4,275
1207,0.00,0.09,5.3,275
1211,0.00,0.09,5.5,275
1214,0.00,0.09,4.7,275
1218,0.00,0.09,3.4,275
1222,0.00,0.09,4.4,275
1225,0.00,0.09,3.2,275
1230,0.00,0.09,6.2,275
1233,0.00,0.09,3.4,275
1237,0.00,0.09,4.6,275
1240,0.00,0.09,5.5,275
1243,0.00,0.09,4.1,275
1247,0.00,0.09,5.0,275
1250,0.00,0.09,3.0,275
1254,0.00,0.09,4.6,275
1258,0.00,0.09,2.8,275
1261,0.00,0.09,4.6,275
1265,0.00,0.09,2.8,275
1270,0.00,0.09,5.3,275
1273,0.00,0.09,3.7,275
1277,0.00,0.09,5.3,275
1281,0.00,0.09,5.9,275
1284,0.00,0.09,4.7,275
1290,0.00,0.09,5.4,275
1294,0.00,0.09,4.8,275
1298,0.00,0.09,3.6,275
1302,0.00,0.09,5.2,275
1305,0.00,0.09,4.0,275
1310,0.00,0.09,5.5,275
1313,0.00,0.09,4.1,275
1317,0.00,0.09,5.3,275
1321,0.00,0.09,6.7,275
1324,0.00,0.09,4.7,275
1328,0.00,0.09,3.4,275
1331,0.00,0.09,4.8,275
1335,0.00,0.09,3.0,275
1339,0.00,0.09,3.9,275
1342,0.00,0.09,5.2,275
1345,0.00,0.09,3.6,275
1349,0.00,0.09,4.8,275
1352,0.00,0.09,3.4,275
1357,0.00,0.09,4.8,275
1360,0.00,0.09,3.4,275
1364,0.00,0.09,5.0,275
1368,0.00,0.09,3.5,275
1372,0.00,0.09,5.5,275
1375,0.00,0.09,4.1,275
1379,0.00,0.09,3.9,275
1383,0.00,0.09,3.3,275
1386,0.00,0.09,4.4,275
1389,0.00,0.09,5.2,275
1393,0.00,0.09,3.8,275
1396,0.00,0.09,4.6,275
1400,0.00,0.09,5.7,275
1404,0.00,0.09,4.7,275
1407,0.00,0.09,3.3,275
1412,0.00,0.09,5.3,275
1415,0.00,0.09,4.2,275
1419,0.00,0.09,3.9,275
1422,0.00,0.09,3.7,275
1426,0.00,0.09,4.4,275
1429,0.00,0.09,5.2,275
1432,0.00,0.09,3.6,275
1436,0.00,0.09,4.8,275
1440,0.00,0.09,5.7,275
1444,0.00,0.09,4.7,275
1447,0.00,0.09,3.4,275
1492,0.00,0.09,45.2,275
1496,0.00,0.09,11.8,275
1505,0.00,0.09,10.3,275
1508,0.00,0.09,4.5,275
1512,0.00,0.09,2.8,275
1516,0.00,0.09,4.6,275
1519,0.00,0.09,3.2,275
1523,0.00,0.09,4.2,275
1526,0.00,0.09,5.2,275
1530,0.00,0.09,3.6,275
1534,0.00,0.09,4.8,275
1537,0.00,0.09,3.4,275
1541,0.00,0.09,4.4,275
1544,0.00,0.09,5.3,275
1547,0.00,0.09,4.1,275
1551,0.00,0.09,5.2,275
1555,0.00,0.09,3.4,275
1558,0.00,0.09,4.8,275
1562,0.00,0.09,3.0,275
1565,0.00,0.09,4.2,275
1569,0.00,0.09,5.2,275
1572,0.00,0.09,3.6,275
1576,0.00,0.09,4.6,275
1579,0.00,0.09,3.2,275
1583,0.00,0.09,4.2,275
1586,0.00,0.09,2.8,275
1590,0.00,0.09,4.1,275
1593,0.00,0.09,5.0,275
1597,0.00,0.09,3.4,275
1601,0.00,0.09,4.4,275
1604,0.00,0.09,5.2,275
1607,0.00,0.09,3.2,275
1611,0.00,0.09,5.2,275
1614,0.00,0.09,3.0,275
1618,0.00,0.09,4.8,275
1622,0.00,0.09,3.2,275
1626,0.00,0.09,4.6,275
1629,0.00,0.09,3.2,275
1633,0.00,0.09,4.2,275
1636,0.00,0.09,5.2,275
1640,0.00,0.09,4.6,275
1643,0.00,0.09,4.7,275
1647,0.00,0.09,3.2,275
1651,0.00,0.09,5.6,275
1656,0.00,0.09,4.8,275
1660,0.00,0.09,4.3,275
1664,0.00,0.09,3.4,275
1668,0.00,0.09,4.1,275
1672,0.00,0.09,4.2,275
1675,0.00,0.09,3.7,275
1679,0.00,0.09,5.3,275
1682,0.00,0.09,3.8,275
1686,0.00,0.09,5.5,275
1690,0.00,0.09,4.3,275
1694,0.00,0.09,5.3,275
1697,0.00,0.09,3.9,275
1701,0.00,0.09,5.0,275
1704,0.00,0.09,3.4,275
1708,0.00,0.09,4.4,275
1711,0.00,0.09,3.0,275
1715,0.00,0.09,3.9,275
1718,0.00,0.09,5.2,275
1722,0.00,0.09,3.6,275
1726,0.00,0.09,4.6,275
1729,0.00,0.09,3.2,275
1733,0.00,0.09,4.8,275
1737,0.00,0.09,4.4,275
1741,0.00,0.09,5.0,275
1744,0.00,0.09,3.6,275
1748,0.00,0.09,4.6,275
1751,0.00,0.09,3.2,275
1755,0.00,0.09,4.4,275
1758,0.00,0.09,5.3,275
1762,0.00,0.09,3.8,275
1766,0.00,0.09,5.5,275
1770,0.00,0.09,4.1,275
1773,0.00,0.09,5.2,275
1777,0.00,0.09,3.8,275
1781,0.00,0.09,5.8,275
1784,0.00,0.09,3.2,275
1788,0.00,0.09,5.2,275
1792,0.00,0.09,3.6,275
1795,0.00,0.09,4.8,275
1799,0.00,0.09,3.2,275
1803,0.00,0.09,3.7,275
1806,0.00,0.09,5.3,275
1809,0.00,0.09,3.9,275
1814,0.00,0.09,5.5,275
1817,0.00,0.09,4.3,275
1823,0.00,0.09,7.2,275
1827,0.00,0.09,4.3,275
1831,0.00,0.09,3.2,275
1835,0.00,0.09,4.6,275
1838,0.00,0.09,5.3,275
1842,0.00,0.09,4.0,275
1846,0.00,0.09,6.0,275
1849,0.00,0.09,2.8,275
1853,0.00,0.09,4.6,275
1856,0.00,0.09,5.5,275
1859,0.00,0.09,5.9,275
1863,0.00,0.09,4.9,275
1867,0.00,0.09,3.8,275
1870,0.00,0.09,4.8,275
1874,0.00,0.09,3.4,275
1877,0.00,0.09,4.4,275
1881,0.00,0.09,5.5,275
1884,0.00,0.09,3.8,275
1888,0.00,0.09,5.3,275
1892,0.00,0.09,3.8,275
1896,0.00,0.09,5.2,275
1899,0.00,0.09,4.1,275
1902,0.00,0.09,4.4,275
1906,0.00,0.09,5.3,275
1909,0.00,0.09,3.8,275
1913,0.00,0.09,5.5,275
1929,0.00,0.09,5.9,275
1933,0.00,0.09,5.0,275
1939,0.00,0.09,5.6,275
1943,0.00,0.09,5.4,275
1947,0.00,0.09,4.1,275
1951,0.00,0.09,5.3,275
1955,0.00,0.09,4.5,275
1959,0.00,0.09,5.5,275
1962,0.00,0.09,4.1,275
1966,0.00,0.09,5.3,275
1969,0.00,0.09,4.0,275
1973,0.00,0.09,2.5,275
1977,0.00,0.09,3.3,275
1980,0.00,0.09,4.8,275
1983,0.00,0.09,3.2,275
1987,0.00,0.09,4.4,275
1991,0.00,0.09,3.8,275
1994,0.00,0.09,4.1,275
2000,0.00,0.09,7.0,275
2004,0.00,0.09,3.2,275
2008,0.00,0.09,3.0,275
2012,0.00,0.09,3.9,275
2015,0.00,0.09,5.0,275
2019,0.00,0.09,4.8,275
2022,0.00,0.09,4.3,275
2026,0.00,0.09,3.0,275
2030,0.00,0.09,5.0,275
2033,0.00,0.09,3.4,275
2037,0.00,0.09,4.6,275
2040,0.00,0.09,3.0,275
2044,0.00,0.09,3.7,275
2048,0.00,0.09,5.0,275
2051,0.00,0.09,3.0,275
2055,0.00,0.09,4.6,275
2058,0.00,0.09,3.2,275
2062,0.00,0.09,4.4,275
2065,0.00,0.09,5.3,275
2069,0.00,0.09,3.8,275
2072,0.00,0.09,4.8,275
2076,0.00,0.09,3.4,275
2079,0.00,0.09,4.4,275
2083,0.00,0.09,5.5,275
2086,0.00,0.09,3.8,275
2090,0.00,0.09,5.3,275
2094,0.00,0.09,3.8,275
2097,0.00,0.09,5.0,275
2101,0.00,0.09,3.4,275
2104,0.00,0.09,4.6,275
2108,0.00,0.09,3.0,275
2112,0.00,0.09,3.7,275
2115,0.00,0.09,5.0,275
2118,0.00,0.09,6.1,275
2122,0.00,0.09,4.5,275
2125,0.00,0.09,5.5,275
2129,0.00,0.09,4.1,275
2133,0.00,0.09,5.2,275
2136,0.00,0.09,3.8,275
2140,0.00,0.09,4.8,275
2143,0.00,0.09,3.4,275
2147,0.00,0.09,4.4,275
2150,0.00,0.09,5.5,275
2154,0.00,0.09,4.0,275
2157,0.00,0.09,3.5,275
2198,0.00,0.09,42.9,275
2202,0.00,0.09,9.2,275
2211,0.00,0.09,10.9,275
2215,0.00,0.09,5.2,275
2218,0.00,0.09,5.5,275
2221,0.00,0.09,4.5,275
2225,0.00,0.09,5.5,275
2229,0.00,0.09,4.1,275
2232,0.00,0.09,5.2,275
2236,0.00,0.09,3.7,275
2240,0.00,0.09,5.0,275
2243,0.00,0.09,3.4,275
2247,0.00,0.09,4.8,275
2250,0.00,0.09,3.2,275
2254,0.00,0.09,4.4,275
2257,0.00,0.09,5.3,275
2261,0.00,0.09,3.8,275
2265,0.00,0.09,5.5,275
2269,0.00,0.09,4.1,275
2273,0.00,0.09,6.3,275
2276,0.00,0.09,4.1,275
2280,0.00,0.09,5.0,275
2283,0.00,0.09,3.6,275
2287,0.00,0.09,4.8,275
2290,0.00,0.09,3.0,275
2294,0.00,0.09,3.9,275
2297,0.00,0.09,5.2,275
2301,0.00,0.09,4.8,275
2305,0.00,0.09,5.3,275
2308,0.00,0.09,4.3,275
2312,0.00,0.09,5.2,275
2316,0.00,0.09,3.8,275
2319,0.00,0.09,5.0,275
2323,0.00,0.09,3.4,275
2327,0.00,0.09,5.6,275
2330,0.00,0.09,3.0,275
2334,0.00,0.09,3.9,275
2337,0.00,0.09,5.2,275
2340,0.00,0.09,3.6,275
2345,0.00,0.09,5.3,275
2348,0.00,0.09,4.1,275
2352,0.00,0.09,5.2,275
2356,0.00,0.09,4.8,275
2360,0.00,0.09,5.5,275
2366,0.00,0.09,7.1,275
2370,0.00,0.09,4.8,275
2374,0.00,0.09,4.3,275
2378,0.00,0.09,3.4,275
2381,0.00,0.09,4.4,275
2385,0.00,0.09,5.7,275
2388,0.00,0.09,4.1,275
2392,0.00,0.09,5.2,275
2395,0.00,0.09,3.8,275
2399,0.00,0.09,4.8,275
2402,0.00,0.09,3.4,275
2407,0.00,0.09,5.2,275
2410,0.00,0.09,3.5,275
2414,0.00,0.09,4.6,275
2417,0.00,0.09,3.5,275
2421,0.00,0.09,4.2,275
2424,0.00,0.09,4.8,275
2427,0.00,0.09,2.9,275
2431,0.00,0.09,4.2,275
2434,0.00,0.09,5.3,275
2438,0.00,0.09,3.9,275
2442,0.00,0.09,5.0,275
2445,0.00,0.09,3.6,275
2449,0.00,0.09,4.6,275
2452,0.00,0.09,3.2,275
2456,0.00,0.09,4.2,275
2459,0.00,0.09,5.2,275
2463,0.00,0.09,3.6,275
2467,0.00,0.09,5.2,275
2470,0.00,0.09,3.6,275
2474,0.00,0.09,5.2,275
2478,0.00,0.09,5.9,275
2481,0.00,0.09,4.5,275
2485,0.00,0.09,3.2,275
2488,0.00,0.09,4.4,275
2492,0.00,0.09,2.8,275
2496,0.00,0.09,4.1,275
2499,0.00,0.09,5.0,275
2502,0.00,0.09,2.8,275
2506,0.00,0.09,4.6,275
2509,0.00,0.09,5.5,275
2513,0.00,0.09,4.5,275
2517,0.00,0.09,5.5,275
2521,0.00,0.09,4.1,275
2527,0.00,0.09,8.3,275
2531,0.00,0.09,5.3,275
2535,0.00,0.09,3.4,275
2539,0.00,0.09,4.8,275
2542,0.00,0.09,3.2,275
2546,0.00,0.09,4.4,275
2549,0.00,0.09,2.9,275
2554,0.00,0.09,5.2,275
2557,0.00,0.09,4.6,275
2561,0.00,0.09,4.4,275
2564,0.00,0.09,5.3,275
2568,0.00,0.09,3.8,275
2571,0.00,0.09,5.0,275
2575,0.00,0.09,3.0,275
2578,0.00,0.09,4.4,275
2582,0.00,0.09,3.0,275
2586,0.00,0.09,4.4,275
2589,0.00,0.09,5.2,275
2592,0.00,0.09,3.6,275
2596,0.00,0.09,4.8,275
2599,0.00,0.09,3.2,275
2603,0.00,0.09,3.9,275
2606,0.00,0.09,5.3,275
2610,0.00,0.09,3.2,275
2614,0.00,0.09,5.0,275
2617,0.00,0.09,4.4,275
2620,0.00,0.09,4.1,275
2624,0.00,0.09,5.0,275
2627,0.00,0.09,3.4,275
2631,0.00,0.09,4.4,275
2634,0.00,0.09,5.5,275
2638,0.00,0.09,6.6,275
2641,0.00,0.09,4.9,275
2645,0.00,0.09,3.6,275
2649,0.00,0.09,5.1,275
2652,0.00,0.09,3.8,275
2656,0.00,0.09,4.8,275
2659,0.00,0.09,5.7,275
2663,0.00,0.09,4.1,275
2666,0.00,0.09,5.2,275
2670,0.00,0.09,3.1,275
2673,0.00,0.09,4.8,275
2677,0.00,0.09,4.2,275
2680,0.00,0.09,4.2,275
2684,0.00,0.09,6.1,275
2690,0.00,0.09,7.0,275
2694,0.00,0.09,5.2,275
2698,0.00,0.09,6.1,275
2701,0.00,0.09,5.4,275
2705,0.00,0.09,4.3,275
2709,0.00,0.09,5.3,275
2712,0.00,0.09,3.7,275
2716,0.00,0.09,4.8,275
2719,0.00,0.09,3.4,275
2723,0.00,0.09,4.4,275
2726,0.00,0.09,3.0,275
2730,0.00,0.09,3.9,275
2733,0.00,0.08,5.2,275
2737,0.00,0.08,3.6,275
2741,0.00,0.08,4.6,275
2744,0.00,0.08,3.2,275
2748,0.00,0.08,4.2,275
2751,0.00,0.08,5.3,275
2754,0.00,0.08,3.8,275
2758,0.00,0.08,4.8,275
2762,0.00,0.08,3.2,275
2765,0.00,0.08,4.6,275
2769,0.00,0.08,3.0,275
2773,0.00,0.08,4.2,275
2776,0.00,0.08,2.7,275
2780,0.00,0.08,3.9,275
2783,0.00,0.08,4.8,275
2786,0.00,0.08,3.0,275
2790,0.00,0.08,4.4,275
2793,0.00,0.08,2.7,275
2797,0.00,0.08,4.1,275
2801,0.00,0.08,4.8,275
2804,0.00,0.08,3.4,275
2808,0.00,0.08,4.4,275
2811,0.00,0.08,2.8,275
2815,0.00,0.08,4.1,275
2818,0.00,0.08,5.0,275
2822,0.00,0.08,3.4,275
2825,0.00,0.08,3.9,275
2829,0.00,0.08,5.5,275
2833,0.00,0.08,4.7,275
2837,0.00,0.08,5.3,275
2840,0.00,0.08,4.3,275
2844,0.00,0.08,5.7,275
2850,0.00,0.08,7.1,275
2891,0.00,0.08,42.0,275
2895,0.00,0.08,12.7,275
2903,0.00,0.08,6.6,275
2907,0.00,0.08,3.4,275
2911,0.00,0.08,5.5,275
2914,0.00,0.08,4.2,275
2919,0.00,0.08,5.5,275
2922,0.00,0.08,4.1,275
2926,0.00,0.08,5.5,275
2930,0.00,0.08,4.6,275
2934,0.00,0.08,5.3,275
2937,0.00,0.08,4.2,275
2941,0.00,0.08,4.1,275
2944,0.00,0.08,3.6,275
2948,0.00,0.08,4.6,275
2951,0.00,0.08,2.8,275
2955,0.00,0.08,4.6,275
2958,0.00,0.08,2.8,275
2962,0.00,0.08,4.2,275
2965,0.00,0.08,5.0,275
2969,0.00,0.08,3.4,275
2972,0.00,0.08,4.4,275
2976,0.00,0.08,3.0,275
2980,0.00,0.08,3.5,275
2983,0.00,0.08,5.2,275
2986,0.00,0.08,2.8,275
2990,0.00,0.08,4.8,275
2993,0.00,0.08,5.5,275
2997,0.00,0.08,4.1,275
3000,0.00,0.08,5.2,275
3004,0.00,0.08,3.6,275
3008,0.00,0.08,4.6,275
3011,0.00,0.08,3.2,275
3015,0.00,0.08,4.6,275
3018,0.00,0.08,5.5,275
3022,0.00,0.08,4.1,275
3026,0.00,0.08,5.3,275
3029,0.00,0.08,3.9,275
3033,0.00,0.08,5.0,275
3036,0.00,0.08,5.7,275
3039,0.00,0.08,4.3,275
3043,0.00,0.08,5.3,275
3047,0.00,0.08,4.4,275
3053,0.00,0.08,8.2,275
3057,0.00,0.08,4.9,275
3061,0.00,0.08,5.5,275
3065,0.00,0.08,4.7,275
3069,0.00,0.08,4.5,275
3073,0.00,0.08,5.3,275
3076,0.00,0.08,5.9,275
3080,0.00,0.08,4.7,275
3084,0.00,0.08,4.4,275
3087,0.00,0.08,4.6,275
3091,0.00,0.08,5.7,275
3094,0.00,0.08,5.9,275
3097,0.00,0.08,5.2,275
3101,0.00,0.08,3.2,275
3105,0.00,0.08,5.0,275
3108,0.00,0.08,3.6,275
3113,0.00,0.08,5.0,275
3116,0.00,0.08,5.9,275
3119,0.00,0.08,4.5,275
3123,0.00,0.08,3.0,275
3127,0.00,0.08,4.4,275
3130,0.00,0.08,2.7,275
3134,0.00,0.08,3.5,275
3137,0.00,0.08,4.8,275
3141,0.00,0.08,3.4,275
3144,0.00,0.08,4.4,275
3148,0.00,0.08,3.0,275
3152,0.00,0.08,4.8,275
3156,0.00,0.08,5.7,275
3171,0.00,0.08,4.1,275
3175,0.00,0.08,4.7,275
3181,0.00,0.08,3.2,275
3184,0.00,0.08,4.4,275
3188,0.00,0.08,3.0,275
3192,0.00,0.08,4.2,275
3195,0.00,0.08,3.9,275
3198,0.00,0.08,3.5,275
3202,0.00,0.08,4.4,275
3205,0.00,0.08,5.2,275
3208,0.00,0.08,3.8,275
3212,0.00,0.08,4.8,275
3215,0.00,0.08,3.2,275
3220,0.00,0.08,5.0,275
3223,0.00,0.08,3.4,275
3227,0.00,0.08,4.8,275
3233,0.00,0.08,6.0,275
3237,0.00,0.08,4.5,275
3241,0.00,0.08,3.2,275
3245,0.00,0.08,4.8,275
3248,0.00,0.08,3.0,275
3252,0.00,0.08,4.6,275
3255,0.00,0.08,4.2,275
3258,0.00,0.08,4.0,275
3262,0.00,0.08,5.0,275
3266,0.00,0.08,4.1,275
3270,0.00,0.08,2.9,275
3274,0.00,0.08,4.1,275
3277,0.00,0.08,5.0,275
3280,0.00,0.08,3.4,275
3284,0.00,0.08,4.8,275
3288,0.00,0.08,5.6,275
3291,0.00,0.08,4.1,275
3295,0.00,0.08,4.2,275
3298,0.00,0.08,3.6,275
3302,0.00,0.08,4.8,275
3305,0.00,0.08,3.2,275
3309,0.00,0.08,3.9,275
3312,0.00,0.08,5.3,275
3316,0.00,0.08,3.9,275
3320,0.00,0.08,6.0,275
3323,0.00,0.08,3.4,275
3327,0.00,0.08,5.0,275
3330,0.00,0.08,3.4,275
3334,0.00,0.08,4.6,275
3338,0.00,0.08,3.2,275
3341,0.00,0.08,4.4,275
3345,0.00,0.08,5.2,275
3348,0.00,0.08,3.8,275
3352,0.00,0.08,4.8,275
3355,0.00,0.08,3.4,275
3359,0.00,0.08,4.4,275
3362,0.00,0.08,3.0,275
3366,0.00,0.08,4.1,275
3369,0.00,0.08,5.2,275
3373,0.00,0.08,3.4,275
3377,0.00,0.08,4.6,275
3380,0.00,0.08,3.2,275
3384,0.00,0.08,4.2,275
3387,0.00,0.08,5.2,275
3393,0.00,0.08,6.6,275
3397,0.00,0.08,5.0,275
3401,0.00,0.08,4.3,275
3405,0.00,0.08,5.3,275
3408,0.00,0.08,4.0,275
3412,0.00,0.08,5.0,275
3415,0.00,0.08,3.6,275
3419,0.00,0.08,4.6,275
3422,0.00,0.08,5.5,275
3426,0.00,0.08,4.2,275
3430,0.00,0.08,5.3,275
3433,0.00,0.08,3.9,275
3437,0.00,0.08,5.0,275
3440,0.00,0.08,5.9,275
3444,0.00,0.08,7.1,275
3447,0.00,0.07,5.0,275
3451,0.00,0.07,4.1,275
3454,0.00,0.07,5.3,275
3458,0.00,0.07,6.3,275
3461,0.00,0.07,4.7,275
3465,0.00,0.07,3.4,275
3469,0.00,0.07,4.6,275
3472,0.00,0.07,5.5,275
3476,0.00,0.07,4.1,275
3480,0.00,0.07,5.3,275
3483,0.00,0.07,4.1,275
3487,0.00,0.07,5.2,275
3490,0.00,0.07,3.2,275
3494,0.00,0.07,4.8,275
3497,0.00,0.07,3.2,275
3501,0.00,0.07,4.4,275
3504,0.00,0.07,5.3,275
3508,0.00,0.07,4.5,275
3512,0.00,0.07,5.3,275
3516,0.00,0.07,4.1,275
3519,0.00,0.07,2.9,275
3523,0.00,0.07,4.1,275
3527,0.00,0.07,5.3,275
3530,0.00,0.07,3.7,275
3534,0.00,0.07,4.8,275
3537,0.00,0.07,3.2,275
3541,0.00,0.07,4.4,275
3544,0.00,0.07,5.3,275
3548,0.00,0.07,4.4,275
3552,0.00,0.07,3.4,275
3596,0.00,0.07,44.2,275
3599,0.00,0.06,10.3,275
3609,0.00,0.06,9.0,275
3612,0.00,0.06,5.5,275
3616,0.00,0.06,4.7,275
3620,0.00,0.06,3.5,275
3624,0.00,0.06,5.3,275
3628,0.00,0.06,4.7,275
3632,0.00,0.06,5.3,275
3635,0.00,0.06,3.7,275
3639,0.00,0.06,5.0,275
3642,0.00,0.06,3.4,275
3646,0.00,0.07,4.6,275
3649,0.00,0.07,3.2,275
3653,0.00,0.07,4.2,275
3657,0.00,0.07,6.2,275
3660,0.00,0.07,3.8,275
3664,0.00,0.07,5.2,275
3667,0.00,0.07,3.8,275
3672,0.00,0.07,5.4,275
3675,0.00,0.07,5.9,275
3678,0.00,0.07,4.7,275
3682,0.00,0.07,3.4,275
3686,0.00,0.07,4.6,275
3689,0.00,0.07,3.0,275
3693,0.00,0.07,4.2,275
3696,0.00,0.07,5.2,275
3700,0.00,0.07,3.6,275
3703,0.00,0.07,4.8,275
3707,0.00,0.07,3.0,275
3711,0.00,0.07,5.0,275
3714,0.00,0.07,3.7,275
3718,0.00,0.07,4.2,275
3721,0.00,0.07,5.2,275
3725,0.00,0.07,3.7,275
3728,0.00,0.07,4.8,275
3732,0.00,0.07,5.9,275
3735,0.00,0.07,4.8,275
3738,0.00,0.07,5.0,275
3742,0.00,0.07,3.4,275
3746,0.00,0.07,4.6,275
3749,0.00,0.08,3.0,275
3753,0.00,0.08,3.9,275
3756,0.00,0.08,5.2,275
3762,0.00,0.08,6.6,275
3766,0.00,0.08,5.0,275
3770,0.00,0.08,4.1,275
3774,0.00,0.08,5.2,275
3777,0.00,0.08,3.8,275
3781,0.00,0.08,4.8,275
3784,0.00,0.08,3.4,275
3788,0.00,0.08,4.8,275
3791,0.00,0.08,3.0,275
3795,0.00,0.08,4.2,275
3799,0.00,0.08,5.1,275
3802,0.00,0.08,3.6,275
3806,0.00,0.08,4.8,275
3809,0.00,0.08,3.2,275
3813,0.00,0.08,4.2,275
3816,0.00,0.08,5.2,275
3819,0.00,0.08,3.8,275
3823,0.00,0.08,5.0,275
3827,0.00,0.08,3.2,275
3830,0.00,0.08,4.4,275
3834,0.00,0.08,4.1,275
3837,0.00,0.08,4.0,275
3841,0.00,0.08,5.0,275
3844,0.00,0.08,3.4,275
3848,0.00,0.08,4.6,275
3851,0.00,0.08,5.7,275
3855,0.00,0.08,6.6,275
3858,0.00,0.08,4.9,275
3862,0.00,0.08,3.8,275
3866,0.00,0.08,5.2,275
3869,0.00,0.08,3.7,275
3873,0.00,0.08,4.8,275
3876,0.00,0.08,5.7,275
3880,0.00,0.08,4.1,275
3884,0.00,0.08,5.3,275
3887,0.00,0.08,3.2,275
3891,0.00,0.08,5.0,275
3894,0.00,0.08,3.6,275
3898,0.00,0.08,4.6,275
3901,0.00,0.08,5.5,275
3905,0.00,0.08,4.5,275
3909,0.00,0.08,3.2,275
3913,0.00,0.08,3.9,275
3916,0.00,0.08,5.5,275
3919,0.00,0.08,3.9,275
3926,0.00,0.08,5.8,275
3930,0.00,0.08,4.3,275
3934,0.00,0.08,3.4,275
3938,0.00,0.08,4.4,275
3941,0.00,0.08,5.5,275
3945,0.00,0.08,4.4,275
3949,0.00,0.08,3.2,275
3952,0.00,0.08,4.2,275
3956,0.00,0.08,5.3,275
3959,0.00,0.08,4.0,275
3963,0.00,0.08,5.0,275
3966,0.00,0.08,3.4,275
3970,0.00,0.08,4.6,275
3974,0.00,0.08,4.9,275
3977,0.00,0.08,6.6,275
3980,0.00,0.08,5.1,275
3984,0.00,0.08,3.6,275
3988,0.00,0.08,4.8,275
3991,0.00,0.08,3.2,275
3995,0.00,0.08,4.4,275
3998,0.00,0.08,3.0,275
4002,0.00,0.08,4.1,275
4005,0.00,0.08,5.0,275
4009,0.00,0.08,3.4,275
4012,0.00,0.08,4.4,275
4016,0.00,0.08,3.0,275
4020,0.00,0.08,5.0,275
4024,0.00,0.08,3.2,275
4027,0.00,0.08,4.6,275
4031,0.00,0.08,5.5,275
4034,0.00,0.08,4.1,275
4038,0.00,0.08,5.2,275
4041,0.00,0.08,3.2,275
4045,0.00,0.08,4.8,275
4049,0.00,0.08,2.8,275
4052,0.00,0.08,4.6,275
4056,0.00,0.08,3.0,275
4060,0.00,0.08,5.2,275
4063,0.00,0.08,5.0,275
4066,0.00,0.08,3.6,275
4070,0.00,0.08,4.6,275
4073,0.00,0.08,5.7,275
4077,0.00,0.08,4.1,275
4081,0.00,0.08,5.3,275
4086,0.00,0.08,5.7,275
4091,0.00,0.08,5.8,275
4094,0.00,0.08,4.1,275
4098,0.00,0.08,5.5,275
4102,0.00,0.08,4.1,275
4105,0.00,0.08,5.2,275
4109,0.00,0.08,3.0,275
4112,0.00,0.08,4.8,275
4116,0.00,0.08,3.2,275
4120,0.00,0.08,4.4,275
4123,0.00,0.08,2.8,275
4127,0.00,0.08,4.6,275
4131,0.00,0.08,3.2,275
4135,0.00,0.08,5.2,275
4138,0.00,0.08,3.3,275
4142,0.00,0.08,4.6,275
4146,0.00,0.09,3.0,275
4149,0.00,0.09,3.9,275
4153,0.00,0.09,5.2,275
4156,0.00,0.09,3.6,275
4161,0.00,0.09,5.3,275
4164,0.00,0.09,4.1,275
4168,0.00,0.09,5.2,275
4171,0.00,0.09,3.8,275
4176,0.00,0.09,5.7,275
4179,0.00,0.09,4.1,275
4183,0.00,0.09,5.5,275
4186,0.00,0.09,4.1,275
4190,0.00,0.09,5.2,275
4193,0.00,0.09,3.8,275
4197,0.00,0.09,4.8,275
4201,0.00,0.09,3.2,275
4204,0.00,0.09,4.4,275
4208,0.00,0.09,5.3,275
4211,0.00,0.09,3.8,275
4215,0.00,0.09,5.3,275
4219,0.00,0.09,3.8,275
4223,0.00,0.09,5.2,275
4226,0.00,0.09,3.7,275
4230,0.00,0.09,5.3,275
4234,0.00,0.09,4.1,275
4237,0.00,0.09,4.6,275
4240,0.00,0.09,3.2,275
4244,0.00,0.09,3.9,275
4248,0.00,0.09,5.3,275
4291,0.00,0.09,43.8,275
4296,0.00,0.09,14.0,275
4304,0.00,0.09,6.5,275
4308,0.00,0.09,3.4,275
4312,0.00,0.09,4.8,275
4315,0.00,0.09,5.7,275
4319,0.00,0.09,4.3,275
4323,0.00,0.09,5.3,275
4326,0.00,0.09,3.8,275
4330,0.00,0.09,5.1,275
4333,0.00,0.09,5.7,275
4337,0.00,0.09,4.5,275
4340,0.00,0.09,3.2,275
4344,0.00,0.09,4.6,275
4348,0.00,0.08,3.0,275
4351,0.00,0.08,3.9,275
4355,0.00,0.08,5.2,275
4358,0.00,0.08,3.6,275
4362,0.00,0.08,4.8,275
4365,0.00,0.08,3.2,275
4369,0.00,0.08,4.8,275
4373,0.00,0.08,5.7,275
4376,0.00,0.08,4.4,275
4379,0.00,0.08,3.3,275
4383,0.00,0.08,3.3,275
4386,0.00,0.08,4.2,275
4390,0.00,0.08,5.9,275
4393,0.00,0.08,4.2,275
4396,0.00,0.08,4.1,275
4400,0.00,0.08,5.5,275
4416,0.00,0.08,3.9,275
4420,0.00,0.08,4.7,275
4425,0.00,0.08,5.4,275
4429,0.00,0.08,4.5,275
4433,0.00,0.08,4.4,275
4437,0.00,0.08,4.9,275
4441,0.00,0.08,3.8,275
4445,0.00,0.08,5.2,275
4448,0.00,0.08,3.8,275
4452,0.00,0.08,3.7,275
4455,0.00,0.08,3.4,275
4459,0.00,0.08,4.6,275
4462,0.00,0.08,2.8,275
4466,0.00,0.08,3.9,275
4472,0.00,0.08,8.2,275
4476,0.00,0.08,3.7,275
4480,0.00,0.08,3.0,275
4484,0.00,0.08,4.8,275
4488,0.00,0.08,3.4,275
4491,0.00,0.08,2.7,275
4495,0.00,0.08,3.0,275
4498,0.00,0.08,6.3,275
4502,0.00,0.08,4.9,275
4505,0.00,0.08,3.2,275
4509,0.00,0.08,5.0,275
4513,0.00,0.08,6.0,275
4516,0.00,0.08,4.4,275
4519,0.00,0.08,5.0,275
4524,0.00,0.08,4.5,275
4527,0.00,0.08,3.2,275
4531,0.00,0.08,4.4,275
4535,0.00,0.08,5.5,275
4538,0.00,0.08,3.8,275
4542,0.00,0.08,5.2,275
4545,0.00,0.08,3.2,275
4549,0.00,0.08,4.8,275
4552,0.00,0.08,3.4,275
4556,0.00,0.08,4.6,275
4560,0.00,0.08,5.3,275
4564,0.00,0.08,4.5,275
4567,0.00,0.08,3.4,275
4571,0.00,0.08,4.4,275
4574,0.00,0.08,3.0,275
4578,0.00,0.08,4.1,275
4582,0.00,0.08,5.0,275
4585,0.00,0.08,3.6,275
4589,0.00,0.08,4.6,275
4592,0.00,0.08,3.0,275
4596,0.00,0.08,4.2,275
4599,0.00,0.08,5.2,275
4602,0.00,0.08,3.6,275
4606,0.00,0.08,4.8,275
4610,0.00,0.08,3.0,275
4613,0.00,0.08,4.4,275
4617,0.00,0.08,3.0,275
4621,0.00,0.08,4.1,275
4624,0.00,0.08,5.0,275
4627,0.00,0.08,3.4,275
4634,0.00,0.08,7.4,275
4637,0.00,0.08,5.8,275
4641,0.00,0.08,4.6,275
4645,0.00,0.08,3.6,275
4649,0.00,0.08,5.3,275
4653,0.00,0.08,5.9,275
4656,0.00,0.08,4.7,275
4660,0.00,0.08,3.0,275
4664,0.00,0.08,4.6,275
4667,0.00,0.08,2.6,275
4671,0.00,0.08,4.4,275
4674,0.00,0.08,2.7,275
4678,0.00,0.08,3.3,275
4681,0.00,0.08,5.0,275
4685,0.00,0.08,3.4,275
4688,0.00,0.08,4.4,275
4692,0.00,0.08,5.5,275
4695,0.00,0.08,3.8,275
4699,0.00,0.08,5.3,275
4702,0.00,0.08,3.8,275
4707,0.00,0.08,5.3,275
4710,0.00,0.08,3.9,275
4714,0.00,0.08,5.0,275
4717,0.00,0.08,5.7,275
4720,0.00,0.08,4.1,275
4724,0.00,0.08,5.3,275
4727,0.00,0.08,3.1,275
4731,0.00,0.08,5.2,275
4735,0.00,0.08,3.4,275
4738,0.00,0.08,4.6,275
4742,0.00,0.08,3.2,275
4746,0.00,0.08,4.8,275
4749,0.00,0.08,5.5,275
4753,0.00,0.08,4.1,275
4756,0.00,0.08,4.8,275
4759,0.00,0.08,5.7,275
4763,0.00,0.08,4.5,275
4767,0.00,0.08,3.8,275
4770,0.00,0.09,4.2,275
4774,0.00,0.09,5.0,275
4777,0.00,0.09,3.5,275
4781,0.00,0.09,4.6,275
4784,0.00,0.09,3.0,275
4788,0.00,0.09,3.7,275
4791,0.00,0.09,5.2,275
4797,0.00,0.09,6.4,275
4801,0.00,0.09,4.3,275
4805,0.00,0.09,4.1,275
4809,0.00,0.09,5.2,275
4812,0.00,0.09,3.8,275
4816,0.00,0.09,4.8,275
4819,0.00,0.09,3.4,275
4823,0.00,0.09,4.6,275
4826,0.00,0.09,2.8,275
4830,0.00,0.09,4.2,275
4834,0.00,0.09,6.1,275
4837,0.00,0.09,3.4,275
4841,0.00,0.09,5.2,275
4845,0.00,0.09,4.8,275
4848,0.00,0.09,4.8,275
4852,0.00,0.09,3.4,275
4855,0.00,0.09,3.7,275
4859,0.00,0.09,5.3,275
4862,0.00,0.09,3.1,275
4866,0.00,0.09,5.2,275
4869,0.00,0.09,3.0,275
4873,0.00,0.09,4.8,275
4876,0.00,0.09,3.0,275
4881,0.00,0.09,5.0,275
4884,0.00,0.09,3.6,275
4888,0.00,0.09,4.6,275
4891,0.00,0.09,5.5,275
4895,0.00,0.09,4.1,275
4899,0.00,0.09,5.2,275
4902,0.00,0.09,3.2,275
4906,0.00,0.09,5.0,275
4909,0.00,0.09,2.8,275
4913,0.00,0.09,4.6,275
4916,0.00,0.09,3.0,275
4921,0.00,0.09,4.8,275
4924,0.00,0.09,3.4,275
4928,0.00,0.09,4.4,275
4931,0.00,0.09,5.3,275
4935,0.00,0.09,4.8,275
4939,0.00,0.09,5.7,275
4942,0.00,0.09,5.9,275
4946,0.00,0.09,6.1,275
4949,0.00,0.09,6.1,275
4953,0.00,0.09,5.2,275
4995,0.00,0.09,44.3,275
4999,0.00,0.09,10.4,275
5008,0.00,0.09,11.6,275
5011,0.00,0.09,4.2,275
5015,0.00,0.09,5.0,275
5019,0.00,0.09,5.0,275
5023,0.00,0.09,4.9,275
5027,0.00,0.09,3.5,275
5030,0.00,0.09,4.8,275
5034,0.00,0.09,3.4,275
5037,0.00,0.09,3.9,275
5041,0.00,0.09,5.3,275
5044,0.00,0.09,3.2,275
5048,0.00,0.09,5.0,275
5051,0.00,0.09,3.4,275
5056,0.00,0.09,5.3,275
5059,0.00,0.09,3.9,275
5063,0.00,0.09,5.4,275
5067,0.00,0.09,3.9,275
5070,0.00,0.09,3.9,275
5074,0.00,0.09,3.3,275
5077,0.00,0.09,4.2,275
5080,0.00,0.09,5.2,275
5084,0.00,0.09,3.6,275
5088,0.00,0.09,4.6,275
5091,0.00,0.09,5.5,275
5095,0.00,0.09,4.7,275
5099,0.00,0.09,3.3,275
5103,0.00,0.09,5.2,275
5106,0.00,0.09,3.6,275
5110,0.00,0.09,4.6,275
5113,0.00,0.09,5.7,275
5117,0.00,0.09,4.1,275
5121,0.00,0.09,5.3,275
5124,0.00,0.09,3.2,275
5128,0.00,0.09,5.0,275
5131,0.00,0.09,3.6,275
5135,0.00,0.09,4.6,275
5138,0.00,0.09,5.5,275
5142,0.00,0.09,4.5,275
5146,0.00,0.09,3.4,275
5150,0.00,0.09,4.4,275
5153,0.00,0.09,5.5,275
5156,0.00,0.09,4.0,275
5160,0.00,0.09,5.0,275
5166,0.00,0.09,5.0,275
5170,0.00,0.09,4.9,275
5174,0.00,0.09,3.8,275
5178,0.00,0.09,5.2,275
5181,0.00,0.09,3.6,275
5185,0.00,0.09,4.8,275
5188,0.00,0.09,3.2,275
5192,0.00,0.09,4.6,275
5196,0.00,0.09,3.0,275
5199,0.00,0.09,4.2,275
5203,0.00,0.09,5.2,275
5206,0.00,0.09,3.6,275
5210,0.00,0.09,4.8,275
5213,0.00,0.09,3.2,275
5217,0.00,0.09,4.4,275
5220,0.00,0.09,5.2,275
5224,0.00,0.09,3.8,275
5227,0.00,0.09,4.8,275
5231,0.00,0.09,3.2,275
5235,0.00,0.09,5.4,275
5238,0.00,0.09,2.8,275
5242,0.00,0.09,4.1,275
5245,0.00,0.09,5.0,275
5248,0.00,0.09,3.4,275
5252,0.00,0.09,4.6,275
5256,0.00,0.09,4.2,275
5259,0.00,0.09,4.2,275
5263,0.00,0.09,5.2,275
5266,0.00,0.09,3.6,275
5270,0.00,0.09,3.7,275
5273,0.00,0.09,5.7,275
5276,0.00,0.09,4.1,275
5280,0.00,0.09,5.0,275
5283,0.00,0.09,3.4,275
5287,0.00,0.09,4.4,275
5290,0.00,0.09,5.5,275
5294,0.00,0.09,3.8,275
5298,0.00,0.09,5.3,275
5301,0.00,0.09,3.9,275
5305,0.00,0.09,5.3,275
5309,0.00,0.09,4.9,275
5312,0.00,0.09,5.0,275
5316,0.00,0.09,3.4,275
5319,0.00,0.09,3.9,275
5325,0.00,0.09,7.5,275
5329,0.00,0.09,4.3,275
5333,0.00,0.09,3.4,275
5337,0.00,0.09,4.8,275
5340,0.00,0.08,3.2,275
5345,0.00,0.08,5.0,275
5348,0.00,0.08,3.6,275
5353,0.00,0.08,5.3,275
5356,0.00,0.08,3.9,275
5360,0.00,0.08,5.0,275
5363,0.00,0.08,3.4,275
5367,0.00,0.08,4.6,275
5370,0.00,0.08,3.0,275
5374,0.00,0.08,3.9,275
5377,0.00,0.08,5.2,275
5381,0.00,0.08,3.6,275
5385,0.00,0.08,5.1,275
5388,0.00,0.08,3.7,275
5393,0.00,0.08,5.5,275
5396,0.00,0.08,4.3,275
5400,0.00,0.08,5.5,275
5404,0.00,0.08,4.6,275
5408,0.00,0.08,3.3,275
5412,0.00,0.08,5.2,275
5416,0.00,0.08,3.7,275
5420,0.00,0.08,5.3,275
5423,0.00,0.08,3.7,275
5427,0.00,0.08,4.8,275
5430,0.00,0.08,3.4,275
5434,0.00,0.08,4.4,275
5438,0.00,0.08,5.5,275
5441,0.00,0.08,4.1,275
5445,0.00,0.08,5.2,275
5448,0.00,0.08,4.0,275
5452,0.00,0.08,5.0,275
5455,0.00,0.08,3.6,275
5460,0.00,0.08,5.0,275
5463,0.00,0.08,3.6,275
5467,0.00,0.08,4.6,275
5470,0.00,0.08,3.2,275
5474,0.00,0.08,4.4,275
5477,0.00,0.08,5.3,275
5481,0.00,0.08,3.7,275
5484,0.00,0.08,4.8,275
5488,0.00,0.08,5.7,275
5494,0.00,0.08,8.9,275
5497,0.00,0.08,2.8,275
5502,0.00,0.08,4.4,275
5505,0.00,0.08,3.6,275
5509,0.00,0.08,4.8,275
5513,0.00,0.08,5.7,275
5516,0.00,0.08,4.3,275
5520,0.00,0.08,5.2,275
5523,0.00,0.08,3.8,275
5527,0.00,0.08,5.2,275
5530,0.00,0.08,4.1,275
5534,0.00,0.08,4.7,275
5538,0.00,0.08,3.4,275
5541,0.00,0.08,4.1,275
5545,0.00,0.08,3.2,275
5549,0.00,0.08,3.5,275
5552,0.00,0.08,5.2,275
5555,0.00,0.08,3.6,275
5559,0.00,0.08,4.8,275
5562,0.00,0.08,3.2,275
5567,0.00,0.08,5.0,275
5570,0.00,0.08,5.7,275
5573,0.00,0.08,4.1,275
5577,0.00,0.08,5.3,275
5581,0.00,0.08,4.1,275
5584,0.00,0.08,5.0,275
5588,0.00,0.08,3.2,275
5592,0.00,0.08,4.8,275
5595,0.00,0.08,3.2,275
5599,0.00,0.08,4.6,275
5602,0.00,0.08,5.3,275
5606,0.00,0.08,4.5,275
5610,0.00,0.08,5.3,275
5626,0.00,0.08,17.1,275
5629,0.00,0.08,5.2,275
5635,0.00,0.08,3.0,275
5639,0.00,0.08,5.0,275
5643,0.00,0.08,4.6,275
5646,0.00,0.08,4.8,275
5650,0.00,0.08,5.5,275
5654,0.00,0.08,4.7,275
5657,0.00,0.08,3.5,275
5662,0.00,0.08,5.3,275
5665,0.00,0.08,3.7,275
5707,0.00,0.08,41.7,275
5711,0.00,0.08,6.3,275
5720,0.00,0.08,10.5,275
5724,0.00,0.08,4.9,275
5727,0.00,0.08,5.9,275
5731,0.00,0.08,6.1,275
5734,0.00,0.08,5.2,275
5738,0.00,0.08,4.3,275
5742,0.00,0.08,5.3,275
5745,0.00,0.08,3.8,275
5749,0.00,0.08,5.0,275
5752,0.00,0.08,3.6,275
5756,0.00,0.08,4.6,275
5759,0.00,0.08,3.2,275
5763,0.00,0.08,3.9,275
5766,0.00,0.09,2.8,275
5770,0.00,0.09,4.1,275
5774,0.00,0.09,5.0,275
5777,0.00,0.09,3.2,275
5781,0.00,0.09,4.6,275
5784,0.00,0.09,3.0,275
5788,0.00,0.09,3.1,275
5791,0.00,0.09,5.0,275
5795,0.00,0.09,3.4,275
5798,0.00,0.09,4.4,275
5802,0.00,0.09,3.0,275
5805,0.00,0.09,4.4,275
5809,0.00,0.09,5.2,275
5812,0.00,0.09,3.6,275
5816,0.00,0.09,5.3,275
5820,0.00,0.09,3.7,275
5824,0.00,0.09,4.8,275
5827,0.00,0.09,3.2,275
5831,0.00,0.09,4.4,275
5834,0.00,0.09,3.0,275
5838,0.00,0.09,3.9,275
5841,0.00,0.09,5.2,275
5845,0.00,0.09,3.6,275
5848,0.00,0.09,4.8,275
5852,0.00,0.09,3.2,275
5856,0.00,0.09,5.0,275
5860,0.00,0.09,4.6,275
5863,0.00,0.09,4.6,275
5867,0.00,0.09,5.7,275
5873,0.00,0.09,7.1,275
5877,0.00,0.09,5.6,275
5881,0.00,0.09,5.4,275
5884,0.00,0.09,2.8,275
5888,0.00,0.09,4.4,275
5891,0.00,0.09,3.0,275
5895,0.00,0.09,4.2,275
5899,0.00,0.09,5.2,275
5902,0.00,0.09,3.6,275
5906,0.00,0.09,4.8,275
5909,0.00,0.09,5.5,275
5912,0.00,0.09,4.3,275
5916,0.00,0.09,5.3,275
5920,0.00,0.09,3.7,275
5924,0.00,0.09,5.2,275
5927,0.00,0.09,3.8,275
5931,0.00,0.09,5.5,275
5935,0.00,0.09,4.1,275
5939,0.00,0.09,5.2,275
5942,0.00,0.09,3.8,275
5946,0.00,0.09,4.8,275
5949,0.00,0.09,3.4,275
5953,0.00,0.09,4.4,275
5956,0.00,0.09,5.5,275
5960,0.00,0.09,4.1,275
5964,0.00,0.09,5.3,275
5967,0.00,0.09,3.7,275
5971,0.00,0.09,4.8,275
5974,0.00,0.09,3.4,275
5978,0.00,0.09,4.6,275
5981,0.00,0.09,3.0,275
5985,0.00,0.09,3.7,275
5988,0.00,0.09,5.2,275
5992,0.00,0.09,3.6,275
5995,0.00,0.09,4.6,275
5999,0.00,0.09,3.2,275
6003,0.00,0.09,5.0,275
6007,0.00,0.09,4.4,275
6011,0.00,0.09,5.2,275
6014,0.00,0.09,3.8,275
6018,0.00,0.09,5.3,275
6022,0.00,0.09,3.8,275
6026,0.00,0.09,5.0,275
6029,0.00,0.09,3.6,275
6035,0.00,0.09,6.6,275
6039,0.00,0.09,5.1,275
6043,0.00,0.09,5.0,275
6046,0.00,0.09,5.6,275
6050,0.00,0.09,4.5,275
6054,0.00,0.09,5.5,275
6058,0.00,0.09,4.9,275
6062,0.00,0.09,3.3,275
6065,0.00,0.09,4.8,275
6069,0.00,0.09,5.5,275
6072,0.00,0.09,4.1,275
6076,0.00,0.09,5.3,275
6079,0.00,0.09,4.1,275
6083,0.00,0.09,5.0,275
6087,0.00,0.09,3.2,275
6090,0.00,0.09,4.8,275
6094,0.00,0.09,3.2,275
6097,0.00,0.09,3.7,275
6101,0.00,0.09,5.3,275
6104,0.00,0.09,3.9,275
6108,0.00,0.09,5.0,275
6111,0.00,0.09,3.4,275
6115,0.00,0.09,4.6,275
6118,0.00,0.09,5.5,275
6122,0.00,0.09,4.1,275
6126,0.00,0.09,5.2,275
6129,0.00,0.09,5.7,275
6132,0.00,0.09,4.5,275
6136,0.00,0.09,3.2,275
6140,0.00,0.09,4.6,275
6143,0.00,0.09,2.8,275
6147,0.00,0.09,4.2,275
6151,0.00,0.09,6.2,275
6154,0.00,0.09,3.6,275
6158,0.00,0.09,5.0,275
6161,0.00,0.09,3.8,275
6166,0.00,0.09,5.3,275
6169,0.00,0.09,5.9,275
6172,0.00,0.09,4.5,275
6176,0.00,0.09,3.2,275
6180,0.00,0.09,4.6,275
6183,0.00,0.09,2.8,275
6187,0.00,0.09,3.7,275
6190,0.00,0.09,5.0,275
6194,0.00,0.09,3.6,275
6200,0.00,0.09,7.8,275
6204,0.00,0.09,3.4,275
6208,0.00,0.09,5.0,275
6211,0.00,0.09,3.6,275
6215,0.00,0.09,4.8,275
6218,0.00,0.09,3.4,275
6222,0.00,0.09,4.4,275
6226,0.00,0.09,5.5,275
6229,0.00,0.09,3.8,275
6233,0.00,0.09,5.3,275
6236,0.00,0.09,3.8,275
6240,0.00,0.09,5.3,275
6244,0.00,0.09,3.9,275
6248,0.00,0.09,5.0,275
6251,0.00,0.09,3.4,275
6255,0.00,0.09,3.9,275
6258,0.00,0.09,5.3,275
6261,0.00,0.09,4.1,275
6266,0.00,0.09,5.5,275
6269,0.00,0.09,5.3,275
6272,0.00,0.09,4.8,275
6276,0.00,0.09,3.2,275
6280,0.00,0.09,5.0,275
6283,0.00,0.09,3.5,275
6287,0.00,0.09,3.5,275
6291,0.00,0.09,3.1,275
6294,0.00,0.09,4.1,275
6297,0.00,0.09,5.0,275
6301,0.00,0.09,3.2,275
6304,0.00,0.09,4.4,275
6308,0.00,0.09,5.3,275
6311,0.00,0.09,3.8,275
6315,0.00,0.09,4.8,275
6318,0.00,0.09,3.4,275
6322,0.00,0.09,4.4,275
6325,0.00,0.09,5.5,275
6329,0.00,0.09,5.7,275
6332,0.00,0.09,5.0,275
6335,0.00,0.09,5.6,275
6340,0.00,0.09,5.0,275
6344,0.00,0.09,3.9,275
6348,0.00,0.09,5.2,275
6351,0.00,0.09,3.6,275
6355,0.00,0.09,4.6,275
6360,0.00,0.09,5.2,275
6402,0.00,0.09,42.6,275
6406,0.00,0.09,10.9,275
6415,0.00,0.09,9.4,275
6419,0.00,0.09,4.1,275
6423,0.00,0.09,5.3,275
6426,0.00,0.09,4.0,275
6430,0.00,0.09,5.0,275
6433,0.00,0.09,3.6,275
6437,0.00,0.09,4.6,275
6440,0.00,0.09,3.2,275
6444,0.00,0.09,4.2,275
6447,0.00,0.09,2.8,275
6451,0.00,0.09,4.1,275
6455,0.00,0.09,5.0,275
6458,0.00,0.09,3.3,275
6462,0.00,0.09,4.4,275
6465,0.00,0.09,5.3,275
6468,0.00,0.09,6.3,275
6472,0.00,0.09,4.9,275
6476,0.00,0.09,3.1,275
6479,0.00,0.09,4.8,275
6483,0.00,0.09,2.8,275
6487,0.00,0.09,4.4,275
6490,0.00,0.09,2.8,275
6494,0.00,0.09,3.5,275
6497,0.00,0.09,5.0,275
6500,0.00,0.09,3.4,275
6505,0.00,0.09,5.3,275
6508,0.00,0.09,3.9,275
6512,0.00,0.09,2.7,275
6516,0.00,0.09,3.7,275
6519,0.00,0.09,4.8,275
6523,0.00,0.09,2.8,275
6526,0.00,0.09,4.4,275
6530,0.00,0.09,2.9,275
6534,0.00,0.09,3.3,275
6537,0.00,0.09,5.2,275
6540,0.00,0.09,3.4,275
6544,0.00,0.09,4.6,275
6547,0.00,0.09,5.5,275
6551,0.00,0.09,4.1,275
6555,0.00,0.09,5.2,275
6558,0.00,0.09,4.6,275
6561,0.00,0.09,4.2,275
6567,0.00,0.09,7.3,275
6571,0.00,0.09,3.4,275
6575,0.00,0.09,5.5,275
6578,0.00,0.09,4.3,275
6582,0.00,0.09,5.2,275
6586,0.00,0.09,3.9,275
6590,0.00,0.09,5.7,275
6593,0.00,0.09,4.1,275
6597,0.00,0.09,5.5,275
6602,0.00,0.09,5.8,275
6605,0.00,0.09,3.6,275
6610,0.00,0.09,5.3,275
6613,0.00,0.09,3.9,275
6617,0.00,0.09,5.3,275
6620,0.00,0.09,3.9,275
6624,0.00,0.09,5.0,275
6628,0.00,0.09,3.4,275
6631,0.00,0.09,4.4,275
6635,0.00,0.09,5.7,275
6638,0.00,0.09,3.9,275
6642,0.00,0.09,5.2,275
6645,0.00,0.09,4.0,275
6649,0.00,0.09,4.8,275
6652,0.00,0.09,3.2,275
6657,0.00,0.09,5.0,275
6660,0.00,0.09,3.6,275
6664,0.00,0.09,4.8,275
6667,0.00,0.09,3.2,275
6671,0.00,0.09,4.2,275
6674,0.00,0.09,5.3,275
6678,0.00,0.09,5.5,275
6681,0.00,0.09,4.7,275
6685,0.00,0.09,5.7,275
6688,0.00,0.09,6.1,275
6692,0.00,0.09,5.0,275
6695,0.00,0.09,3.8,275
6699,0.00,0.09,5.2,275
6703,0.00,0.09,4.6,275
6706,0.00,0.09,4.8,275
6710,0.00,0.09,3.2,275
6713,0.00,0.09,4.4,275
6717,0.00,0.09,5.3,275
6720,0.00,0.09,3.7,275
6724,0.00,0.09,5.2,275
6730,0.00,0.09,7.9,275
6734,0.00,0.09,5.0,275
6738,0.00,0.09,4.4,275
6742,0.00,0.09,3.2,275
6746,0.00,0.09,3.9,275
6749,0.00,0.09,5.5,275
6753,0.00,0.09,4.3,275
6757,0.00,0.09,5.3,275
6760,0.00,0.09,3.7,275
6764,0.00,0.09,5.2,275
6768,0.00,0.09,5.9,275
6771,0.00,0.09,4.7,275
6775,0.00,0.09,3.4,275
6778,0.00,0.09,4.6,275
6782,0.00,0.09,3.0,275
6786,0.00,0.09,3.9,275
6789,0.00,0.09,5.2,275
6792,0.00,0.09,3.8,275
6796,0.00,0.09,4.8,275
6800,0.00,0.09,3.2,275
6804,0.00,0.09,4.8,275
6807,0.00,0.09,5.7,275
6811,0.00,0.09,4.9,275
6815,0.00,0.09,5.3,275
6818,0.00,0.09,4.5,275
6822,0.00,0.09,3.2,275
6826,0.00,0.09,3.7,275
6829,0.00,0.09,3.0,275
6832,0.00,0.09,3.7,275
6836,0.00,0.09,4.6,275
6839,0.00,0.09,2.8,275
6843,0.00,0.09,4.1,275
6846,0.00,0.09,3.5,275
6850,0.00,0.09,3.4,275
6853,0.00,0.09,4.4,275
6869,0.00,0.09,15.2,275
6873,0.00,0.09,3.9,275
6878,0.00,0.09,4.5,275
6882,0.00,0.09,3.6,275
6886,0.00,0.09,4.8,275
6889,0.00,0.09,3.4,275
6893,0.00,0.09,3.9,275
6896,0.00,0.09,5.5,275
6900,0.00,0.09,3.2,275
6904,0.00,0.09,5.0,275
6910,0.00,0.09,7.8,275
6913,0.00,0.09,4.5,275
6917,0.00,0.09,3.4,275
6921,0.00,0.09,5.0,275
6924,0.00,0.09,3.2,275
6928,0.00,0.09,4.6,275
6931,0.00,0.09,5.5,275
6935,0.00,0.09,4.3,275
6939,0.00,0.09,5.2,275
6942,0.00,0.09,3.8,275
6946,0.00,0.09,4.1,275
6949,0.00,0.09,3.4,275
6953,0.00,0.09,4.6,275
6956,0.00,0.09,2.8,275
6960,0.00,0.09,3.7,275
6963,0.00,0.09,5.0,275
6967,0.00,0.09,3.5,275
6971,0.00,0.09,4.6,275
6974,0.00,0.09,3.0,275
6978,0.00,0.09,4.8,275
6982,0.00,0.09,3.2,275
6985,0.00,0.09,4.4,275
6989,0.00,0.09,5.5,275
6992,0.00,0.09,4.0,275
6996,0.00,0.09,5.5,275
7000,0.00,0.09,4.1,275
7004,0.00,0.09,5.2,275
7007,0.00,0.09,3.8,275
7011,0.00,0.09,4.8,275
7014,0.00,0.09,2.6,275
7018,0.00,0.09,4.4,275
7021,0.00,0.09,5.3,275
7024,0.00,0.09,3.6,275
7028,0.00,0.09,5.0,275
7032,0.00,0.09,3.4,275
7035,0.00,0.09,4.6,275
7039,0.00,0.09,5.3,275
7042,0.00,0.09,4.1,275
7046,0.00,0.09,5.2,275
7049,0.00,0.09,3.6,275
7053,0.00,0.09,5.1,275
7057,0.00,0.09,3.8,275
7061,0.00,0.09,5.8,275
7064,0.00,0.09,3.2,275
7107,0.00,0.09,43.4,275
7111,0.00,0.09,10.3,275
7120,0.00,0.09,10.8,275
7124,0.00,0.09,3.2,275
7127,0.00,0.09,4.4,275
7131,0.00,0.09,2.9,275
7135,0.00,0.09,3.7,275
7138,0.00,0.09,5.0,275
7141,0.00,0.09,2.8,275
7145,0.00,0.09,4.4,275
7148,0.00,0.09,3.0,275
7152,0.00,0.09,4.1,275
7156,0.00,0.09,5.2,275
7160,0.00,0.09,4.1,275
7163,0.00,0.09,5.3,275
7167,0.00,0.09,3.8,275
7171,0.00,0.09,5.3,275
7174,0.00,0.09,3.9,275
7178,0.00,0.09,5.2,275
7182,0.00,0.09,4.2,275
7185,0.00,0.09,4.8,275
7189,0.00,0.09,3.4,275
7192,0.00,0.09,4.4,275
7196,0.00,0.09,2.8,275
7200,0.00,0.09,4.6,275
7203,0.00,0.09,3.2,275
7208,0.00,0.09,5.0,275
7211,0.00,0.09,3.4,275
7215,0.00,0.09,4.6,275
7218,0.00,0.09,3.0,275
7222,0.00,0.09,3.9,275
7225,0.00,0.09,5.0,275
7229,0.00,0.09,3.6,275
7233,0.00,0.09,5.6,275
7236,0.00,0.09,3.0,275
7240,0.00,0.09,4.2,275
7243,0.00,0.09,5.2,275
7246,0.00,0.09,3.8,275
7250,0.00,0.09,4.8,275
7253,0.00,0.09,3.4,275
7257,0.00,0.09,4.4,275
7261,0.00,0.09,5.3,275
7264,0.00,0.09,3.8,275
7268,0.00,0.09,5.4,275
7274,0.00,0.09,6.9,275
7278,0.00,0.09,4.8,275
7282,0.00,0.09,4.1,275
7286,0.00,0.09,5.3,275
7289,0.00,0.09,3.5,275
7293,0.00,0.09,5.2,275
7296,0.00,0.09,3.2,275
7300,0.00,0.09,4.8,275
7303,0.00,0.09,3.2,275
7307,0.00,0.09,4.6,275
7311,0.00,0.09,6.3,275
7314,0.00,0.09,3.8,275
7318,0.00,0.09,5.0,275
7321,0.00,0.09,3.4,275
7325,0.00,0.09,4.4,275
7328,0.00,0.09,5.5,275
7331,0.00,0.09,4.3,275
7335,0.00,0.09,5.2,275
7339,0.00,0.09,3.6,275
7343,0.00,0.09,5.2,275
7346,0.00,0.09,5.7,275
7349,0.00,0.09,4.5,275
7353,0.00,0.09,3.2,275
7357,0.00,0.09,4.1,275
7360,0.00,0.09,2.8,275
7364,0.00,0.09,3.7,275
7368,0.00,0.09,5.2,275
7371,0.00,0.09,3.6,275
7375,0.00,0.09,4.6,275
7378,0.00,0.09,3.2,275
7382,0.00,0.09,5.0,275
7386,0.00,0.09,5.7,275
7389,0.00,0.09,4.1,275
7393,0.00,0.09,3.0,275
7397,0.00,0.09,4.1,275
7400,0.00,0.09,2.7,275
7404,0.00,0.09,3.5,275
7407,0.00,0.09,4.8,275
7411,0.00,0.09,4.2,275
7414,0.00,0.09,4.2,275
7418,0.00,0.09,5.3,275
7422,0.00,0.09,4.3,275
7425,0.00,0.09,5.3,275
7429,0.00,0.09,4.1,275
7433,0.00,0.09,2.8,275
7439,0.00,0.09,7.1,275
7443,0.00,0.09,5.5,275
7446,0.00,0.09,5.0,275
7450,0.00,0.09,5.0,275
7453,0.00,0.09,3.4,275
7457,0.00,0.09,4.6,275
7460,0.00,0.09,3.0,275
7464,0.00,0.09,4.2,275
7467,0.00,0.09,5.0,275
7471,0.00,0.09,3.0,275
7474,0.00,0.09,4.6,275
7478,0.00,0.09,5.7,275
7481,0.00,0.09,4.1,275
7485,0.00,0.09,3.9,275
7488,0.00,0.09,3.7,275
7492,0.00,0.09,4.4,275
7495,0.00,0.09,2.9,275
7499,0.00,0.09,4.1,275
7502,0.00,0.09,5.0,275
7506,0.00,0.09,4.4,275
7510,0.00,0.09,5.2,275
7513,0.00,0.09,3.8,275
7517,0.00,0.09,5.3,275
7521,0.00,0.09,3.8,275
7524,0.00,0.09,3.9,275
7528,0.00,0.09,5.7,275
7531,0.00,0.09,4.1,275
7535,0.00,0.09,5.3,275
7538,0.00,0.09,3.2,275
7542,0.00,0.09,4.8,275
7545,0.00,0.09,3.4,275
7549,0.00,0.09,4.4,275
7552,0.00,0.09,5.3,275
7556,0.00,0.09,3.8,275
7560,0.00,0.09,5.0,275
7563,0.00,0.09,3.4,275
7567,0.00,0.09,4.8,275
7570,0.00,0.09,5.5,275
7573,0.00,0.09,4.3,275
7577,0.00,0.09,5.3,275
7581,0.00,0.09,3.9,275
7584,0.00,0.09,4.2,275
7588,0.00,0.09,3.4,275
7592,0.00,0.09,4.6,275
7597,0.00,0.09,5.0,275
7602,0.00,0.09,4.9,275
7606,0.00,0.09,5.7,275
7609,0.00,0.09,4.7,275
7613,0.00,0.09,2.8,275
7617,0.00,0.09,4.6,275
7620,0.00,0.09,5.5,275
7623,0.00,0.09,4.1,275
7627,0.00,0.09,5.2,275
7630,0.00,0.09,3.8,275
7635,0.00,0.09,5.2,275
7638,0.00,0.09,3.8,275
7642,0.00,0.09,5.0,275
7645,0.00,0.09,3.4,275
7649,0.00,0.09,4.6,275
7652,0.00,0.09,5.5,275
7656,0.00,0.09,3.9,275
7659,0.00,0.09,5.0,275
7663,0.00,0.09,3.6,275
7667,0.00,0.09,5.6,275
7670,0.00,0.09,3.2,275
7674,0.00,0.09,4.4,275
7677,0.00,0.09,5.2,275
7680,0.00,0.09,3.6,275
7684,0.00,0.09,4.8,275
7687,0.00,0.09,5.5,275
7691,0.00,0.09,4.7,275
7695,0.00,0.09,3.5,275
7700,0.00,0.09,5.3,275
7703,0.00,0.09,3.9,275
7707,0.00,0.09,5.0,275
7710,0.00,0.09,3.4,275
7714,0.00,0.09,4.8,275
7717,0.00,0.09,3.0,275
7721,0.00,0.09,4.2,275
7724,0.00,0.09,5.2,275
7728,0.00,0.09,3.6,275
7731,0.00,0.09,4.8,275
7735,0.00,0.09,3.2,275
7739,0.00,0.09,4.4,275
7742,0.00,0.09,5.3,275
7745,0.00,0.09,4.0,275
7750,0.00,0.09,6.3,275
7753,0.00,0.09,4.1,275
7757,0.00,0.09,5.2,275
7799,0.00,0.09,42.0,275
7803,0.00,0.09,11.6,275
7812,0.00,0.09,7.0,275
7816,0.00,0.09,3.9,275
7820,0.00,0.09,3.0,275
7824,0.00,0.09,4.6,275
7827,0.00,0.09,3.0,275
7831,0.00,0.09,4.4,275
7834,0.00,0.09,5.2,275
7837,0.00,0.09,3.6,275
7841,0.00,0.09,4.8,275
7844,0.00,0.09,3.2,275
7848,0.00,0.09,3.7,275
7852,0.00,0.09,5.3,275
7855,0.00,0.09,5.3,275
7858,0.00,0.09,4.8,275
7862,0.00,0.09,5.4,275
7866,0.00,0.09,5.3,275
7869,0.00,0.09,3.0,275
7873,0.00,0.09,4.2,275
7876,0.00,0.09,5.0,275
7880,0.00,0.09,3.6,275
7884,0.00,0.09,4.8,275
7887,0.00,0.09,5.7,275
7890,0.00,0.09,4.3,275
7894,0.00,0.09,5.5,275
7898,0.00,0.09,4.1,275
7902,0.00,0.09,5.3,275
7905,0.00,0.09,4.1,275
7909,0.00,0.09,5.0,275
7912,0.00,0.09,3.6,275
7916,0.00,0.09,4.6,275
7919,0.00,0.09,3.0,275
7923,0.00,0.09,4.4,275
